1,Kansas City Chiefs,,Houston Texans,34,20
1,Seattle Seahawks,@,Atlanta Falcons,38,25
1,New England Patriots,,Miami Dolphins,21,11
1,Green Bay Packers,@,Minnesota Vikings,43,34
1,Buffalo Bills,,New York Jets,27,17
1,Chicago Bears,@,Detroit Lions,27,23
1,Jacksonville Jaguars,,Indianapolis Colts,27,20
1,Washington Football Team,,Philadelphia Eagles,27,17
1,Las Vegas Raiders,@,Carolina Panthers,34,30
1,Baltimore Ravens,,Cleveland Browns,38,6
1,Los Angeles Chargers,@,Cincinnati Bengals,16,13
1,Arizona Cardinals,@,San Francisco 49ers,24,20
1,New Orleans Saints,,Tampa Bay Buccaneers,34,23
1,Los Angeles Rams,,Dallas Cowboys,20,17
1,Pittsburgh Steelers,@,New York Giants,26,16
1,Tennessee Titans,@,Denver Broncos,16,14
2,Cleveland Browns,,Cincinnati Bengals,35,30
2,Los Angeles Rams,@,Philadelphia Eagles,37,19
2,Tampa Bay Buccaneers,,Carolina Panthers,31,17
2,San Francisco 49ers,@,New York Jets,31,13
2,Dallas Cowboys,,Atlanta Falcons,40,39
2,Green Bay Packers,,Detroit Lions,42,21
2,Buffalo Bills,@,Miami Dolphins,31,28
2,Pittsburgh Steelers,,Denver Broncos,26,21
2,Tennessee Titans,,Jacksonville Jaguars,33,30
2,Chicago Bears,,New York Giants,17,13
2,Indianapolis Colts,,Minnesota Vikings,28,11
2,Arizona Cardinals,,Washington Football Team,30,15
2,Kansas City Chiefs,@,Los Angeles Chargers,23,20
2,Baltimore Ravens,@,Houston Texans,33,16
2,Seattle Seahawks,,New England Patriots,35,30
2,Las Vegas Raiders,,New Orleans Saints,34,24
3,Miami Dolphins,@,Jacksonville Jaguars,31,13
3,Buffalo Bills,,Los Angeles Rams,35,32
3,Philadelphia Eagles,,Cincinnati Bengals,23,23
3,San Francisco 49ers,@,New York Giants,36,9
3,Pittsburgh Steelers,,Houston Texans,28,21
3,Cleveland Browns,,Washington Football Team,34,20
3,Tennessee Titans,@,Minnesota Vikings,31,30
3,New England Patriots,,Las Vegas Raiders,36,20
3,Chicago Bears,@,Atlanta Falcons,30,26
3,Indianapolis Colts,,New York Jets,36,7
3,Carolina Panthers,@,Los Angeles Chargers,21,16
3,Tampa Bay Buccaneers,@,Denver Broncos,28,10
3,Seattle Seahawks,,Dallas Cowboys,38,31
3,Detroit Lions,@,Arizona Cardinals,26,23
3,Green Bay Packers,@,New Orleans Saints,37,30
3,Kansas City Chiefs,@,Baltimore Ravens,34,20
4,Denver Broncos,@,New York Jets,37,28
4,Indianapolis Colts,@,Chicago Bears,19,11
4,Baltimore Ravens,@,Washington Football Team,31,17
4,Cincinnati Bengals,,Jacksonville Jaguars,33,25
4,Minnesota Vikings,@,Houston Texans,31,23
4,Cleveland Browns,@,Dallas Cowboys,49,38
4,Seattle Seahawks,@,Miami Dolphins,31,23
4,Tampa Bay Buccaneers,,Los Angeles Chargers,38,31
4,Carolina Panthers,,Arizona Cardinals,31,21
4,New Orleans Saints,@,Detroit Lions,35,29
4,Los Angeles Rams,,New York Giants,17,9
4,Buffalo Bills,@,Las Vegas Raiders,30,23
4,Philadelphia Eagles,@,San Francisco 49ers,25,20
4,Kansas City Chiefs,,New England Patriots,26,10
4,Green Bay Packers,,Atlanta Falcons,30,16
5,Chicago Bears,,Tampa Bay Buccaneers,20,19
5,Arizona Cardinals,@,New York Jets,30,10
5,Las Vegas Raiders,@,Kansas City Chiefs,40,32
5,Carolina Panthers,@,Atlanta Falcons,23,16
5,Pittsburgh Steelers,,Philadelphia Eagles,38,29
5,Baltimore Ravens,,Cincinnati Bengals,27,3
5,Houston Texans,,Jacksonville Jaguars,30,14
5,Los Angeles Rams,@,Washington Football Team,30,10
5,Miami Dolphins,@,San Francisco 49ers,43,17
5,Dallas Cowboys,,New York Giants,37,34
5,Cleveland Browns,,Indianapolis Colts,32,23
5,Seattle Seahawks,,Minnesota Vikings,27,26
5,New Orleans Saints,,Los Angeles Chargers,30,27
5,Tennessee Titans,,Buffalo Bills,42,16
6,Detroit Lions,@,Jacksonville Jaguars,34,16
6,Denver Broncos,@,New England Patriots,18,12
6,Chicago Bears,@,Carolina Panthers,23,16
6,Tennessee Titans,,Houston Texans,42,36
6,Pittsburgh Steelers,,Cleveland Browns,38,7
6,Atlanta Falcons,@,Minnesota Vikings,40,23
6,New York Giants,,Washington Football Team,20,19
6,Baltimore Ravens,@,Philadelphia Eagles,30,28
6,Indianapolis Colts,,Cincinnati Bengals,31,27
6,Miami Dolphins,,New York Jets,24,0
6,Tampa Bay Buccaneers,,Green Bay Packers,38,10
6,San Francisco 49ers,,Los Angeles Rams,24,16
6,Kansas City Chiefs,@,Buffalo Bills,26,17
6,Arizona Cardinals,@,Dallas Cowboys,38,10
7,Philadelphia Eagles,,New York Giants,22,21
7,Green Bay Packers,@,Houston Texans,35,20
7,Pittsburgh Steelers,@,Tennessee Titans,27,24
7,Buffalo Bills,@,New York Jets,18,10
7,Cleveland Browns,@,Cincinnati Bengals,37,34
7,New Orleans Saints,,Carolina Panthers,27,24
7,Detroit Lions,@,Atlanta Falcons,23,22
7,Washington Football Team,,Dallas Cowboys,25,3
7,Tampa Bay Buccaneers,@,Las Vegas Raiders,45,20
7,San Francisco 49ers,@,New England Patriots,33,6
7,Kansas City Chiefs,@,Denver Broncos,43,16
7,Los Angeles Chargers,,Jacksonville Jaguars,39,29
7,Arizona Cardinals,,Seattle Seahawks,37,34
7,Los Angeles Rams,,Chicago Bears,24,10
8,Atlanta Falcons,@,Carolina Panthers,25,17
8,Miami Dolphins,,Los Angeles Rams,28,17
8,Pittsburgh Steelers,@,Baltimore Ravens,28,24
8,Minnesota Vikings,@,Green Bay Packers,28,22
8,Indianapolis Colts,@,Detroit Lions,41,21
8,Las Vegas Raiders,@,Cleveland Browns,16,6
8,Kansas City Chiefs,,New York Jets,35,9
8,Buffalo Bills,,New England Patriots,24,21
8,Cincinnati Bengals,,Tennessee Titans,31,20
8,Denver Broncos,,Los Angeles Chargers,31,30
8,Seattle Seahawks,,San Francisco 49ers,37,27
8,New Orleans Saints,@,Chicago Bears,26,23
8,Philadelphia Eagles,,Dallas Cowboys,23,9
8,Tampa Bay Buccaneers,@,New York Giants,25,23
9,Green Bay Packers,@,San Francisco 49ers,34,17
9,Houston Texans,@,Jacksonville Jaguars,27,25
9,Minnesota Vikings,,Detroit Lions,34,20
9,Baltimore Ravens,@,Indianapolis Colts,24,10
9,Atlanta Falcons,,Denver Broncos,34,27
9,Tennessee Titans,,Chicago Bears,24,17
9,New York Giants,@,Washington Football Team,23,20
9,Kansas City Chiefs,,Carolina Panthers,33,31
9,Buffalo Bills,,Seattle Seahawks,44,34
9,Las Vegas Raiders,@,Los Angeles Chargers,31,26
9,Miami Dolphins,@,Arizona Cardinals,34,31
9,Pittsburgh Steelers,@,Dallas Cowboys,24,19
9,New Orleans Saints,@,Tampa Bay Buccaneers,38,3
9,New England Patriots,@,New York Jets,30,27
10,Indianapolis Colts,@,Tennessee Titans,34,17
10,Green Bay Packers,,Jacksonville Jaguars,24,20
10,Cleveland Browns,,Houston Texans,10,7
10,Detroit Lions,,Washington Football Team,30,27
10,New York Giants,,Philadelphia Eagles,27,17
10,Tampa Bay Buccaneers,@,Carolina Panthers,46,23
10,Las Vegas Raiders,,Denver Broncos,37,12
10,Miami Dolphins,,Los Angeles Chargers,29,21
10,Arizona Cardinals,,Buffalo Bills,32,30
10,Los Angeles Rams,,Seattle Seahawks,23,16
10,Pittsburgh Steelers,,Cincinnati Bengals,36,10
10,New Orleans Saints,,San Francisco 49ers,27,13
10,New England Patriots,,Baltimore Ravens,23,17
10,Minnesota Vikings,@,Chicago Bears,19,13
11,Seattle Seahawks,,Arizona Cardinals,28,21
11,Washington Football Team,,Cincinnati Bengals,20,9
11,Tennessee Titans,@,Baltimore Ravens,30,24
11,Houston Texans,,New England Patriots,27,20
11,New Orleans Saints,,Atlanta Falcons,24,9
11,Pittsburgh Steelers,@,Jacksonville Jaguars,27,3
11,Cleveland Browns,,Philadelphia Eagles,22,17
11,Carolina Panthers,,Detroit Lions,20,0
11,Los Angeles Chargers,,New York Jets,34,28
11,Denver Broncos,,Miami Dolphins,20,13
11,Indianapolis Colts,,Green Bay Packers,34,31
11,Dallas Cowboys,@,Minnesota Vikings,31,28
11,Kansas City Chiefs,@,Las Vegas Raiders,35,31
11,Los Angeles Rams,@,Tampa Bay Buccaneers,27,24
12,Houston Texans,@,Detroit Lions,41,25
12,Washington Football Team,@,Dallas Cowboys,41,16
12,Cleveland Browns,@,Jacksonville Jaguars,27,25
12,Buffalo Bills,,Los Angeles Chargers,27,17
12,New York Giants,@,Cincinnati Bengals,19,17
12,New England Patriots,,Arizona Cardinals,20,17
12,Tennessee Titans,@,Indianapolis Colts,45,26
12,Miami Dolphins,@,New York Jets,20,3
12,Atlanta Falcons,,Las Vegas Raiders,43,6
12,Minnesota Vikings,,Carolina Panthers,28,27
12,San Francisco 49ers,@,Los Angeles Rams,23,20
12,New Orleans Saints,@,Denver Broncos,31,3
12,Kansas City Chiefs,@,Tampa Bay Buccaneers,27,24
12,Green Bay Packers,,Chicago Bears,41,25
12,Seattle Seahawks,@,Philadelphia Eagles,23,17
12,Pittsburgh Steelers,,Baltimore Ravens,19,14
13,New Orleans Saints,@,Atlanta Falcons,21,16
13,Detroit Lions,@,Chicago Bears,34,30
13,Cleveland Browns,@,Tennessee Titans,41,35
13,Miami Dolphins,,Cincinnati Bengals,19,7
13,Las Vegas Raiders,@,New York Jets,31,28
13,Indianapolis Colts,@,Houston Texans,26,20
13,Minnesota Vikings,,Jacksonville Jaguars,27,24
13,New York Giants,@,Seattle Seahawks,17,12
13,Los Angeles Rams,@,Arizona Cardinals,38,28
13,Green Bay Packers,,Philadelphia Eagles,30,16
13,New England Patriots,@,Los Angeles Chargers,45,0
13,Kansas City Chiefs,,Denver Broncos,22,16
13,Washington Football Team,@,Pittsburgh Steelers,23,17
13,Buffalo Bills,@,San Francisco 49ers,34,24
13,Baltimore Ravens,,Dallas Cowboys,34,17
14,New England Patriots,@,Los Angeles Rams,,
14,Tennessee Titans,@,Jacksonville Jaguars,,
14,Dallas Cowboys,@,Cincinnati Bengals,,
14,Kansas City Chiefs,@,Miami Dolphins,,
14,Houston Texans,@,Chicago Bears,,
14,Denver Broncos,@,Carolina Panthers,,
14,Arizona Cardinals,@,New York Giants,,
14,Minnesota Vikings,@,Tampa Bay Buccaneers,,
14,Indianapolis Colts,@,Las Vegas Raiders,,
14,New York Jets,@,Seattle Seahawks,,
14,Green Bay Packers,@,Detroit Lions,,
14,Atlanta Falcons,@,Los Angeles Chargers,,
14,New Orleans Saints,@,Philadelphia Eagles,,
14,Washington Football Team,@,San Francisco 49ers,,
14,Pittsburgh Steelers,@,Buffalo Bills,,
14,Baltimore Ravens,@,Cleveland Browns,,
15,Los Angeles Chargers,@,Las Vegas Raiders,,
15,Buffalo Bills,@,Denver Broncos,,
15,Carolina Panthers,@,Green Bay Packers,,
15,Cleveland Browns,@,New York Giants,,
15,New England Patriots,@,Miami Dolphins,,
15,Tampa Bay Buccaneers,@,Atlanta Falcons,,
15,Chicago Bears,@,Minnesota Vikings,,
15,Houston Texans,@,Indianapolis Colts,,
15,New York Jets,@,Los Angeles Rams,,
15,Seattle Seahawks,@,Washington Football Team,,
15,Jacksonville Jaguars,@,Baltimore Ravens,,
15,Detroit Lions,@,Tennessee Titans,,
15,Philadelphia Eagles,@,Arizona Cardinals,,
15,Kansas City Chiefs,@,New Orleans Saints,,
15,San Francisco 49ers,@,Dallas Cowboys,,
15,Pittsburgh Steelers,@,Cincinnati Bengals,,
16,Minnesota Vikings,@,New Orleans Saints,,
16,Tampa Bay Buccaneers,@,Detroit Lions,,
16,San Francisco 49ers,@,Arizona Cardinals,,
16,Miami Dolphins,@,Las Vegas Raiders,,
16,Cleveland Browns,@,New York Jets,,
16,Carolina Panthers,@,Washington Football Team,,
16,New York Giants,@,Baltimore Ravens,,
16,Atlanta Falcons,@,Kansas City Chiefs,,
16,Indianapolis Colts,@,Pittsburgh Steelers,,
16,Chicago Bears,@,Jacksonville Jaguars,,
16,Cincinnati Bengals,@,Houston Texans,,
16,Denver Broncos,@,Los Angeles Chargers,,
16,Los Angeles Rams,@,Seattle Seahawks,,
16,Philadelphia Eagles,@,Dallas Cowboys,,
16,Tennessee Titans,@,Green Bay Packers,,
16,Buffalo Bills,@,New England Patriots,,
17,Jacksonville Jaguars,@,Indianapolis Colts,,
17,Baltimore Ravens,@,Cincinnati Bengals,,
17,Green Bay Packers,@,Chicago Bears,,
17,Dallas Cowboys,@,New York Giants,,
17,Minnesota Vikings,@,Detroit Lions,,
17,Pittsburgh Steelers,@,Cleveland Browns,,
17,Tennessee Titans,@,Houston Texans,,
17,Los Angeles Chargers,@,Kansas City Chiefs,,
17,Atlanta Falcons,@,Tampa Bay Buccaneers,,
17,New Orleans Saints,@,Carolina Panthers,,
17,Miami Dolphins,@,Buffalo Bills,,
17,New York Jets,@,New England Patriots,,
17,Washington Football Team,@,Philadelphia Eagles,,
17,Las Vegas Raiders,@,Denver Broncos,,
17,Seattle Seahawks,@,San Francisco 49ers,,
17,Arizona Cardinals,@,Los Angeles Rams,,